Blaztyiu,Zedhyn,100
Louqasxw,AquAwcn,103
AquAwcn,Denzmhx,103
DECEMATErsn,Denzmhx,103
Denzmhx,,103
Blaztyiu,Denzmhx,106
Louqasxw,Blaztyiu,112
Vividtbn,Louqasxw,112
AquAwcn,Zedhyn,112
Blaztyiu,KiSMETstq,112
Denzmhx,AquAwcn,115
Blaztyiu,Denzmhx,121
Zedhyn,Blaztyiu,124
DECEMATErsn,Denzmhx,124
,Louqasxw,124
Blaztyiu,Zedhyn,124
Vividtbn,Zedhyn,127
,Zedhyn,130
,Denzmhx,130
AquAwcn,Denzmhx,133
Blaztyiu,Denzmhx,133
,Louqasxw,139
Louqasxw,AquAwcn,139
DECEMATErsn,Zedhyn,139
KiSMETstq,SAINTSnbw,139
,Denzmhx,142
Denzmhx,AquAwcn,142
DECEMATErsn,Denzmhx,142
Zedhyn,,142
Denzmhx,,145
Vividtbn,Zedhyn,145
Zedhyn,AquAwcn,145
Denzmhx,Vividtbn,145
Denzmhx,AquAwcn,148
Zedhyn,Vividtbn,148
AquAwcn,Zedhyn,148
Denzmhx,AquAwcn,148
Blaztyiu,Denzmhx,151
Shockzwwq,AquAwcn,151
SAINTSnbw,Denzmhx,151
Blaztyiu,KiSMETstq,154
AquAwcn,Denzmhx,157
AquAwcn,Denzmhx,157
,Zedhyn,157
Louqasxw,,157
,Shockzwwq,160
Denzmhx,,160
Zedhyn,,160
SAINTSnbw,Denzmhx,160
SAINTSnbw,Louqasxw,163
Denzmhx,SAINTSnbw,169
Denzmhx,,172
AquAwcn,Denzmhx,172
Louqasxw,AquAwcn,172
Denzmhx,Blaztyiu,175
Blaztyiu,Louqasxw,175
Denzmhx,Blaztyiu,175
Blaztyiu,Louqasxw,175
AquAwcn,Denzmhx,178
Shockzwwq,AquAwcn,178
,Denzmhx,178
KiSMETstq,,178
Denzmhx,Blaztyiu,181
Denzmhx,AquAwcn,181
Denzmhx,,181
Shockzwwq,AquAwcn,184
AquAwcn,Denzmhx,184
Zedhyn,Blaztyiu,184
SAINTSnbw,Denzmhx,184
AquAwcn,KiSMETstq,187
AquAwcn,Louqasxw,187
DECEMATErsn,Zedhyn,187
Denzmhx,AquAwcn,187
AquAwcn,Denzmhx,190
Denzmhx,Blaztyiu,196
Zedhyn,AquAwcn,196
Vividtbn,KiSMETstq,205
Louqasxw,,205
Blaztyiu,Zedhyn,205
Louqasxw,Blaztyiu,208
DECEMATErsn,Louqasxw,208
Denzmhx,Blaztyiu,208
DECEMATErsn,Denzmhx,211
KiSMETstq,AquAwcn,211
Louqasxw,DECEMATErsn,211
Zedhyn,DECEMATErsn,214
,SAINTSnbw,214
Denzmhx,AquAwcn,214
Louqasxw,Blaztyiu,217
KiSMETstq,,220
Zedhyn,,220
Louqasxw,AquAwcn,223
,Vividtbn,223
Denzmhx,AquAwcn,223
Zedhyn,Blaztyiu,223
Denzmhx,Blaztyiu,229
AquAwcn,Denzmhx,229
KiSMETstq,AquAwcn,229
AquAwcn,Denzmhx,229
Louqasxw,Blaztyiu,232
,Denzmhx,232
Louqasxw,,232
Vividtbn,Denzmhx,232
Zedhyn,,235
AquAwcn,Zedhyn,235
Blaztyiu,Louqasxw,238
Denzmhx,AquAwcn,238
AquAwcn,Denzmhx,238
Denzmhx,AquAwcn,238
Denzmhx,Blaztyiu,241
Vividtbn,Denzmhx,241
Denzmhx,Blaztyiu,241
Louqasxw,DECEMATErsn,241
Vividtbn,Louqasxw,244
Zedhyn,,244
Denzmhx,DECEMATErsn,244
Zedhyn,Blaztyiu,250
Denzmhx,AquAwcn,250
DECEMATErsn,Louqasxw,250
Zedhyn,,253
,Louqasxw,253
,Denzmhx,253
Denzmhx,Blaztyiu,253
Denzmhx,AquAwcn,256
Denzmhx,DECEMATErsn,256
AquAwcn,Denzmhx,256
Zedhyn,AquAwcn,262
Denzmhx,AquAwcn,265
Zedhyn,,265
Blaztyiu,Denzmhx,265
Denzmhx,,265
Zedhyn,Blaztyiu,268
,Zedhyn,268
Shockzwwq,AquAwcn,271
,Louqasxw,271
Louqasxw,Vividtbn,271
Louqasxw,Blaztyiu,271
Shockzwwq,,274
Denzmhx,,274
Zedhyn,AquAwcn,277
Zedhyn,Vividtbn,277
Denzmhx,Blaztyiu,277
Denzmhx,AquAwcn,283
Denzmhx,AquAwcn,283
AquAwcn,Denzmhx,283
DECEMATErsn,Zedhyn,289
AquAwcn,Zedhyn,289
DECEMATErsn,Shockzwwq,289
Shockzwwq,DECEMATErsn,298
Denzmhx,Blaztyiu,301
Blaztyiu,Denzmhx,301
Louqasxw,AquAwcn,301
AquAwcn,Louqasxw,301
Denzmhx,AquAwcn,307
AquAwcn,KiSMETstq,307
Denzmhx,AquAwcn,307
AquAwcn,Denzmhx,307
,Denzmhx,310
Louqasxw,,310
Blaztyiu,Zedhyn,313
Denzmhx,Blaztyiu,313
Denzmhx,AquAwcn,316
AquAwcn,Zedhyn,316
Louqasxw,AquAwcn,316
Denzmhx,DECEMATErsn,316
Zedhyn,DECEMATErsn,319
Denzmhx,Blaztyiu,322
AquAwcn,Denzmhx,322
Zedhyn,AquAwcn,325
,Zedhyn,325
Louqasxw,Blaztyiu,325
Blaztyiu,Louqasxw,325
AquAwcn,Zedhyn,331
Denzmhx,,331
AquAwcn,Louqasxw,331
,Blaztyiu,331
AquAwcn,Denzmhx,334
Louqasxw,AquAwcn,334
Zedhyn,AquAwcn,334
Zedhyn,,337
Blaztyiu,Denzmhx,337
Denzmhx,AquAwcn,337
Denzmhx,AquAwcn,337
Blaztyiu,Zedhyn,340
Blaztyiu,Shockzwwq,340
Denzmhx,Vividtbn,343
AquAwcn,Denzmhx,343
DECEMATErsn,Shockzwwq,343
Denzmhx,Vividtbn,343
,Denzmhx,346
Blaztyiu,Denzmhx,346
AquAwcn,Louqasxw,349
Blaztyiu,,349
Zedhyn,,349
Zedhyn,,349
Zedhyn,Blaztyiu,352
AquAwcn,Denzmhx,352
Louqasxw,,355
Denzmhx,Blaztyiu,355
Blaztyiu,Denzmhx,355
AquAwcn,Louqasxw,355
SAINTSnbw,Louqasxw,358
AquAwcn,KiSMETstq,358
AquAwcn,Zedhyn,358
Shockzwwq,AquAwcn,358
,Zedhyn,361
Denzmhx,SAINTSnbw,361
SAINTSnbw,Zedhyn,361
Denzmhx,Blaztyiu,361
,Denzmhx,364
Louqasxw,Blaztyiu,364
Louqasxw,AquAwcn,364
Denzmhx,Vividtbn,367
Denzmhx,DECEMATErsn,367
Vividtbn,Denzmhx,367
Blaztyiu,Denzmhx,370
AquAwcn,Denzmhx,370
Blaztyiu,Louqasxw,370
,Blaztyiu,370
AquAwcn,Louqasxw,373
Denzmhx,Blaztyiu,373
AquAwcn,Denzmhx,382
KiSMETstq,AquAwcn,382
Vividtbn,Denzmhx,382
Zedhyn,,382
AquAwcn,Louqasxw,385
Louqasxw,Blaztyiu,385
Blaztyiu,Denzmhx,385
Denzmhx,AquAwcn,385
Blaztyiu,Zedhyn,388
Zedhyn,Blaztyiu,388
Zedhyn,,394
,Denzmhx,394
Louqasxw,Vividtbn,397
,Louqasxw,397
Denzmhx,Blaztyiu,397
Louqasxw,AquAwcn,400
AquAwcn,Denzmhx,400
Louqasxw,,400
KiSMETstq,,400
Denzmhx,Vividtbn,403
Denzmhx,AquAwcn,406
Blaztyiu,Denzmhx,412
Denzmhx,Blaztyiu,412
DECEMATErsn,Louqasxw,415
Denzmhx,DECEMATErsn,415
AquAwcn,Denzmhx,415
Denzmhx,AquAwcn,415
Louqasxw,DECEMATErsn,418
Blaztyiu,Denzmhx,418
KiSMETstq,Blaztyiu,418
,Denzmhx,418
Denzmhx,,424
Denzmhx,AquAwcn,427
DECEMATErsn,Denzmhx,427
Zedhyn,AquAwcn,427
Blaztyiu,Louqasxw,430
,Louqasxw,433
Zedhyn,,433
Denzmhx,Blaztyiu,433
AquAwcn,Denzmhx,433
,Denzmhx,436
Louqasxw,Blaztyiu,436
Denzmhx,DECEMATErsn,436
AquAwcn,KiSMETstq,436
Blaztyiu,Denzmhx,439
Blaztyiu,Louqasxw,439
Denzmhx,AquAwcn,439
AquAwcn,Denzmhx,448
AquAwcn,Denzmhx,448
AquAwcn,Louqasxw,448
Vividtbn,Zedhyn,448
Blaztyiu,Denzmhx,451
DECEMATErsn,Denzmhx,451
Louqasxw,Blaztyiu,451
DECEMATErsn,Zedhyn,454
Louqasxw,AquAwcn,454
AquAwcn,Denzmhx,454
,Louqasxw,457
Denzmhx,,457
DECEMATErsn,Louqasxw,457
Vividtbn,Denzmhx,460
Zedhyn,,460
AquAwcn,Louqasxw,463
AquAwcn,Denzmhx,463
Louqasxw,AquAwcn,463
Louqasxw,Blaztyiu,463
